{
  "tabular_only": {
    "pr_auc": 0.224907762782401,
    "roc_auc": 0.8782916998655913,
    "f1": 0.18241469816272965,
    "threshold": 0.3704600930213928
  },
  "embeddings_only": {
    "pr_auc": 0.13393649304843439,
    "roc_auc": 0.8285741999896387,
    "f1": 0.1243989452458508,
    "threshold": 0.4131021201610565
  },
  "fusion": {
    "pr_auc": 0.30034611651549015,
    "roc_auc": 0.8897454655702375,
    "f1": 0.17575503355704697,
    "threshold": 0.3198920488357544
  }
}